Status,Predicted_Final_Status,Probability_Dropout,Probability_Graduate
Enrolled,Dropout,0.9566605197146496,0.04333948028535035
Enrolled,Graduate,0.1612296602653298,0.8387703397346697
Enrolled,Graduate,0.14314518208985008,0.8568548179101496
Enrolled,Graduate,0.43962926255235585,0.5603707374476443
Enrolled,Graduate,0.15922821118507502,0.8407717888149248
Enrolled,Graduate,0.07297967009186684,0.9270203299081332
Enrolled,Graduate,0.4617313959477034,0.5382686040522967
Enrolled,Dropout,0.910492793998144,0.08950720600185605
Enrolled,Dropout,0.8495824876463267,0.15041751235367332
Enrolled,Graduate,0.1009083103354012,0.8990916896645988
Enrolled,Dropout,0.6236990317936977,0.37630096820630243
Enrolled,Dropout,0.5103372904126228,0.4896627095873773
Enrolled,Dropout,0.5856226245215547,0.4143773754784454
Enrolled,Dropout,0.864048838041555,0.13595116195844523
Enrolled,Dropout,0.9953615702479339,0.0046384297520661154
Enrolled,Graduate,0.353965210246913,0.646034789753087
Enrolled,Dropout,0.9886797755818193,0.011320224418180841
Enrolled,Dropout,0.5989260546678608,0.4010739453321393
Enrolled,Graduate,0.12455795496589853,0.8754420450341013
Enrolled,Dropout,0.9873323945261622,0.01266760547383784
Enrolled,Dropout,0.6520063431540616,0.3479936568459384
Enrolled,Graduate,0.1152335621508364,0.8847664378491636
Enrolled,Dropout,0.5675579437882884,0.43244205621171167
Enrolled,Dropout,0.7769471230855711,0.2230528769144289
Enrolled,Graduate,0.07008949632765966,0.929910503672341
Enrolled,Dropout,0.6650179915418581,0.33498200845814163
Enrolled,Dropout,0.9307801843888832,0.06921981561111672
Enrolled,Graduate,0.1171481857308151,0.882851814269185
Enrolled,Graduate,0.07661477214809814,0.923385227851902
Enrolled,Dropout,0.9898041929386913,0.010195807061308744
Enrolled,Dropout,0.5115198820334552,0.48848011796654467
Enrolled,Dropout,0.6189090590581342,0.3810909409418659
Enrolled,Dropout,0.979230838162502,0.020769161837498062
Enrolled,Dropout,0.7202746537148014,0.2797253462851991
Enrolled,Graduate,0.2907875325486035,0.7092124674513964
Enrolled,Graduate,0.11518303536540077,0.8848169646345991
Enrolled,Dropout,0.8252368574624597,0.17476314253754033
Enrolled,Dropout,0.9691587029499341,0.030841297050066014
Enrolled,Dropout,0.8015590339626002,0.19844096603740002
Enrolled,Graduate,0.12683538654724968,0.8731646134527504
Enrolled,Graduate,0.08376518687292202,0.916234813127078
Enrolled,Graduate,0.2468986215359663,0.7531013784640339
Enrolled,Graduate,0.050961284779930505,0.9490387152200694
Enrolled,Dropout,0.9669363849045991,0.03306361509540104
Enrolled,Graduate,0.03158540572781605,0.9684145942721839
Enrolled,Graduate,0.017976344862698564,0.9820236551373017
Enrolled,Graduate,0.09096558645739065,0.909034413542609
Enrolled,Graduate,0.2891651174486619,0.7108348825513378
Enrolled,Graduate,0.4234455707313978,0.5765544292686023
Enrolled,Graduate,0.12489352370397358,0.8751064762960264
Enrolled,Dropout,0.6915939900812558,0.3084060099187445
Enrolled,Graduate,0.31051275108424253,0.6894872489157574
Enrolled,Graduate,0.10864851496549356,0.8913514850345062
Enrolled,Graduate,0.3600884526437574,0.6399115473562424
Enrolled,Dropout,0.5565080609460697,0.44349193905393036
Enrolled,Dropout,0.7130064001664238,0.28699359983357636
Enrolled,Graduate,0.3798265747907907,0.6201734252092092
Enrolled,Graduate,0.23732711107297325,0.7626728889270264
Enrolled,Dropout,0.9801165120470842,0.01988348795291573
Enrolled,Dropout,0.6054551866909583,0.3945448133090418
Enrolled,Graduate,0.12833231646388663,0.8716676835361132
Enrolled,Graduate,0.22336682082591808,0.776633179174082
Enrolled,Dropout,0.6319724487976692,0.36802755120233094
Enrolled,Graduate,0.2637312233537872,0.7362687766462126
Enrolled,Graduate,0.42808010224139614,0.5719198977586036
Enrolled,Dropout,0.7000716688489869,0.29992833115101364
Enrolled,Graduate,0.06233223452899329,0.9376677654710069
Enrolled,Dropout,0.9066871955020906,0.09331280449790925
Enrolled,Graduate,0.30420714458084136,0.6957928554191587
Enrolled,Dropout,0.8930844947457287,0.10691550525427158
Enrolled,Graduate,0.4916844413978441,0.5083155586021558
Enrolled,Graduate,0.275467895390252,0.7245321046097479
Enrolled,Dropout,0.9683579086514872,0.031642091348512806
Enrolled,Dropout,0.8189262953878782,0.181073704612122
Enrolled,Graduate,0.11576365799086179,0.8842363420091381
Enrolled,Dropout,0.9503874195764691,0.049612580423530964
Enrolled,Graduate,0.30274439076771736,0.6972556092322826
Enrolled,Dropout,0.8788111802214875,0.12118881977851238
Enrolled,Dropout,0.860116832351238,0.13988316764876202
Enrolled,Graduate,0.06057432128185399,0.9394256787181458
Enrolled,Graduate,0.10689738815656288,0.8931026118434371
Enrolled,Graduate,0.41705301490820407,0.5829469850917957
Enrolled,Graduate,0.20608942196188798,0.7939105780381122
Enrolled,Graduate,0.09817040473150726,0.9018295952684929
Enrolled,Dropout,0.6344414173738712,0.3655585826261291
Enrolled,Dropout,0.5260583656611999,0.4739416343388002
Enrolled,Graduate,0.2978653441584437,0.7021346558415562
Enrolled,Graduate,0.2468922989919747,0.753107701008025
Enrolled,Dropout,0.7189293960958931,0.2810706039041074
Enrolled,Dropout,0.7709671575048418,0.2290328424951584
Enrolled,Graduate,0.19716100633503691,0.8028389936649629
Enrolled,Dropout,0.9060416965837491,0.09395830341625096
Enrolled,Dropout,0.9549443578158637,0.04505564218413633
Enrolled,Dropout,0.7623299990159509,0.23767000098404936
Enrolled,Dropout,0.6882124225138365,0.31178757748616365
Enrolled,Graduate,0.1448277777201104,0.8551722222798893
Enrolled,Dropout,0.7933304609644858,0.20666953903551438
Enrolled,Dropout,0.6599486833345537,0.34005131666544625
Enrolled,Dropout,0.6395409602283209,0.36045903977167904
Enrolled,Graduate,0.22719242312938415,0.7728075768706155
Enrolled,Dropout,0.9200301829012099,0.07996981709879034
Enrolled,Dropout,0.8798663451757,0.1201336548243002
Enrolled,Dropout,0.750216297416553,0.24978370258344715
Enrolled,Graduate,0.4530073246544056,0.5469926753455943
Enrolled,Graduate,0.3680854881633747,0.6319145118366255
Enrolled,Graduate,0.062269386663337666,0.9377306133366626
Enrolled,Graduate,0.3750703725719201,0.6249296274280799
Enrolled,Graduate,0.3275639664222074,0.6724360335777927
Enrolled,Graduate,0.1505047226876534,0.8494952773123468
Enrolled,Graduate,0.1385393289564666,0.8614606710435333
Enrolled,Graduate,0.10736717534065718,0.8926328246593429
Enrolled,Graduate,0.38868175584239895,0.6113182441576008
Enrolled,Graduate,0.32383107029058583,0.6761689297094139
Enrolled,Dropout,0.6550343711634583,0.34496562883654175
Enrolled,Dropout,0.837325584332418,0.16267441566758215
Enrolled,Dropout,0.7274903210506106,0.2725096789493895
Enrolled,Graduate,0.018106669798731042,0.9818933302012695
Enrolled,Dropout,0.7360572794600363,0.2639427205399638
Enrolled,Dropout,0.833089962452186,0.166910037547814
Enrolled,Graduate,0.49234325358720554,0.5076567464127945
Enrolled,Dropout,0.6736567619385366,0.32634323806146354
Enrolled,Dropout,0.7960118408085743,0.20398815919142577
Enrolled,Graduate,0.1456956225224852,0.8543043774775148
Enrolled,Graduate,0.43747526733840647,0.5625247326615934
Enrolled,Graduate,0.2650502472302305,0.7349497527697695
Enrolled,Dropout,0.5508048941176577,0.4491951058823421
Enrolled,Dropout,0.8697445117823867,0.13025548821761335
Enrolled,Graduate,0.17180852638110447,0.8281914736188953
Enrolled,Graduate,0.20596371348784126,0.7940362865121589
Enrolled,Graduate,0.133281054201374,0.8667189457986262
Enrolled,Graduate,0.4068143769269342,0.5931856230730657
Enrolled,Graduate,0.4684666863152605,0.5315333136847393
Enrolled,Graduate,0.34302166831878217,0.6569783316812179
Enrolled,Graduate,0.4012509889165063,0.5987490110834937
Enrolled,Dropout,0.9607811061923418,0.039218893807658424
Enrolled,Graduate,0.10808437066730041,0.8919156293326996
Enrolled,Graduate,0.22918593727015255,0.7708140627298474
Enrolled,Graduate,0.07561493645121961,0.9243850635487805
Enrolled,Graduate,0.46488300103618835,0.5351169989638117
Enrolled,Graduate,0.1614955673907534,0.8385044326092462
Enrolled,Graduate,0.24201275078614715,0.7579872492138526
Enrolled,Graduate,0.3905817649533636,0.6094182350466364
Enrolled,Dropout,0.6048157664800323,0.39518423351996773
Enrolled,Dropout,0.9560630046648501,0.043936995335150185
Enrolled,Dropout,0.7080981232056739,0.2919018767943264
Enrolled,Graduate,0.11767329068858212,0.8823267093114178
Enrolled,Dropout,0.6339519656881399,0.36604803431186034
Enrolled,Graduate,0.048606366547135516,0.9513936334528643
Enrolled,Graduate,0.41899840794460097,0.5810015920553989
Enrolled,Graduate,0.10317074373018521,0.8968292562698148
Enrolled,Dropout,0.6451452569936516,0.3548547430063485
Enrolled,Dropout,0.8637358879080387,0.13626411209196135
Enrolled,Dropout,0.7419007133652237,0.2580992866347765
Enrolled,Dropout,0.7160304932216407,0.2839695067783596
Enrolled,Graduate,0.10086610057250568,0.8991338994274948
Enrolled,Dropout,0.5917662217826415,0.4082337782173588
Enrolled,Dropout,0.9912337486052702,0.008766251394729646
Enrolled,Graduate,0.2805961615951778,0.7194038384048217
Enrolled,Graduate,0.3838693373704927,0.6161306626295072
Enrolled,Dropout,0.9148356812349622,0.08516431876503779
Enrolled,Dropout,0.9136498412281554,0.08635015877184493
Enrolled,Graduate,0.28898457716199794,0.7110154228380019
Enrolled,Dropout,0.9431480052082668,0.05685199479173324
Enrolled,Dropout,0.8311123644456008,0.1688876355543993
Enrolled,Graduate,0.2296895433010827,0.7703104566989172
Enrolled,Graduate,0.19443487320568328,0.8055651267943167
Enrolled,Graduate,0.27322361101758297,0.7267763889824168
Enrolled,Dropout,1.0,0.0
Enrolled,Dropout,0.836694021929884,0.163305978070116
Enrolled,Dropout,0.9657915449324871,0.03420845506751296
Enrolled,Dropout,0.9477917919419839,0.052208208058016195
Enrolled,Graduate,0.28063553693629173,0.7193644630637079
Enrolled,Dropout,0.7540610209606664,0.24593897903933362
Enrolled,Graduate,0.07482414426381921,0.9251758557361808
Enrolled,Dropout,0.7369500149813555,0.2630499850186446
Enrolled,Dropout,0.5382767000830153,0.46172329991698463
Enrolled,Graduate,0.029715373012581436,0.9702846269874186
Enrolled,Dropout,0.5103357517285012,0.48966424827149874
Enrolled,Dropout,0.523390818338173,0.47660918166182703
Enrolled,Graduate,0.310991944531283,0.6890080554687168
Enrolled,Graduate,0.2550484116168227,0.7449515883831771
Enrolled,Graduate,0.3568068891670906,0.6431931108329092
Enrolled,Dropout,0.803758724065642,0.19624127593435822
Enrolled,Dropout,0.7035305629233349,0.2964694370766651
Enrolled,Graduate,0.37195309253171494,0.6280469074682851
Enrolled,Graduate,0.059854320189720575,0.9401456798102795
Enrolled,Dropout,0.8838735097137472,0.11612649028625253
Enrolled,Graduate,0.3904300262619584,0.6095699737380416
Enrolled,Graduate,0.34474754060003127,0.6552524593999686
Enrolled,Dropout,0.7407331421598132,0.2592668578401869
Enrolled,Dropout,0.5112639778928432,0.488736022107157
Enrolled,Graduate,0.2715598704362803,0.7284401295637197
Enrolled,Graduate,0.44388012200803956,0.5561198779919603
Enrolled,Graduate,0.2788290429262993,0.7211709570737008
Enrolled,Dropout,0.784492276185756,0.21550772381424393
Enrolled,Graduate,0.12939113993676912,0.8706088600632309
Enrolled,Graduate,0.2701755644288745,0.7298244355711256
Enrolled,Graduate,0.35485463926276284,0.645145360737237
Enrolled,Graduate,0.26650761070356216,0.7334923892964375
Enrolled,Graduate,0.11261803645317779,0.887381963546822
Enrolled,Graduate,0.09353469129437542,0.9064653087056249
Enrolled,Graduate,0.25554742378202905,0.7444525762179708
Enrolled,Graduate,0.16879922598826877,0.831200774011731
Enrolled,Graduate,0.29425452709387395,0.7057454729061262
Enrolled,Graduate,0.03693358752677726,0.9630664124732228
Enrolled,Graduate,0.4439879727913803,0.5560120272086194
Enrolled,Dropout,0.9978255954183425,0.0021744045816575754
Enrolled,Dropout,0.9298086561902817,0.07019134380971817
Enrolled,Dropout,0.5258904919003843,0.4741095080996158
Enrolled,Dropout,0.51050202015865,0.4894979798413501
Enrolled,Graduate,0.1115995528612396,0.8884004471387603
Enrolled,Graduate,0.40396355876324225,0.5960364412367577
Enrolled,Graduate,0.11082855410493331,0.8891714458950666
Enrolled,Graduate,0.19418301226572093,0.8058169877342789
Enrolled,Dropout,0.869393831360246,0.13060616863975405
Enrolled,Graduate,0.44948818677431185,0.5505118132256879
Enrolled,Graduate,0.4031091229446003,0.5968908770553994
Enrolled,Graduate,0.10345115371855555,0.8965488462814445
Enrolled,Dropout,0.7682079667600625,0.2317920332399376
Enrolled,Dropout,0.7951661976294139,0.2048338023705862
Enrolled,Dropout,0.7016993177407651,0.29830068225923473
Enrolled,Graduate,0.4841003770718597,0.5158996229281403
Enrolled,Graduate,0.4988066215100755,0.5011933784899245
Enrolled,Graduate,0.12832348167176982,0.8716765183282302
Enrolled,Dropout,0.5565612398925458,0.4434387601074542
Enrolled,Graduate,0.0659783295637532,0.934021670436247
Enrolled,Dropout,0.6388836912655176,0.36111630873448297
Enrolled,Graduate,0.10839498540278925,0.8916050145972109
Enrolled,Graduate,0.0660075867357537,0.9339924132642462
Enrolled,Graduate,0.2207508364108833,0.7792491635891168
Enrolled,Dropout,0.8665685489607429,0.13343145103925727
Enrolled,Graduate,0.0651013605334775,0.9348986394665227
Enrolled,Graduate,0.3420812407937385,0.6579187592062614
Enrolled,Graduate,0.3804208844290775,0.6195791155709223
Enrolled,Dropout,0.5513724786393597,0.44862752136064044
Enrolled,Graduate,0.26960135840460364,0.7303986415953964
Enrolled,Graduate,0.09913464572642797,0.9008653542735717
Enrolled,Dropout,0.6628847845124116,0.33711521548758827
Enrolled,Graduate,0.49364155778364005,0.50635844221636
Enrolled,Graduate,0.1320138853452234,0.8679861146547762
Enrolled,Graduate,0.06393253114619994,0.9360674688538002
Enrolled,Dropout,0.8024116830622581,0.19758831693774262
Enrolled,Graduate,0.24786967702445295,0.752130322975547
Enrolled,Graduate,0.20453004601027666,0.7954699539897234
Enrolled,Graduate,0.19641527099338538,0.8035847290066145
Enrolled,Dropout,0.8706441884809105,0.12935581151908973
Enrolled,Graduate,0.3803642521308702,0.6196357478691294
Enrolled,Graduate,0.3636066700728219,0.636393329927178
Enrolled,Graduate,0.2486279416477283,0.7513720583522714
Enrolled,Graduate,0.3087068905629722,0.6912931094370275
Enrolled,Dropout,0.50200791185943,0.49799208814057
Enrolled,Dropout,0.7769468635978034,0.22305313640219662
Enrolled,Graduate,0.23595871064884805,0.7640412893511521
Enrolled,Graduate,0.289805770235148,0.7101942297648515
Enrolled,Graduate,0.46781051317745037,0.5321894868225495
Enrolled,Graduate,0.11793317147984363,0.8820668285201566
Enrolled,Dropout,0.6054912988214955,0.39450870117850473
Enrolled,Dropout,0.6571897880067559,0.342810211993244
Enrolled,Graduate,0.4082869632988115,0.5917130367011885
Enrolled,Graduate,0.3375101446519006,0.6624898553480991
Enrolled,Dropout,0.8553602385744054,0.14463976142559504
Enrolled,Dropout,0.7234246146803142,0.276575385319686
Enrolled,Graduate,0.47504275610885743,0.5249572438911425
Enrolled,Dropout,0.5917091952520073,0.40829080474799295
Enrolled,Dropout,0.9861489190745693,0.013851080925430885
Enrolled,Graduate,0.2476618464268814,0.7523381535731184
Enrolled,Graduate,0.37792399698185564,0.6220760030181446
Enrolled,Dropout,0.9814913658018773,0.018508634198122813
Enrolled,Graduate,0.17362645275352934,0.8263735472464708
Enrolled,Dropout,0.9003731279826407,0.09962687201735923
Enrolled,Graduate,0.13451779742104072,0.8654822025789591
Enrolled,Dropout,0.5232541240368342,0.476745875963166
Enrolled,Graduate,0.30762444572368486,0.6923755542763151
Enrolled,Dropout,0.6456335259036655,0.3543664740963348
Enrolled,Graduate,0.17045211741708502,0.8295478825829149
Enrolled,Dropout,0.7343076895541225,0.26569231044587777
Enrolled,Dropout,0.9001126764864267,0.09988732351357318
Enrolled,Graduate,0.4709548568980591,0.5290451431019408
Enrolled,Graduate,0.3840653284330107,0.6159346715669893
Enrolled,Graduate,0.11691032552958427,0.8830896744704155
Enrolled,Graduate,0.3170884860410415,0.6829115139589583
Enrolled,Dropout,0.7208199777366153,0.2791800222633849
Enrolled,Graduate,0.27841020904120267,0.721589790958797
Enrolled,Graduate,0.1012797741374451,0.8987202258625551
Enrolled,Graduate,0.13950842454310777,0.8604915754568924
Enrolled,Graduate,0.1586161557162046,0.8413838442837952
Enrolled,Graduate,0.020096460160239513,0.9799035398397605
Enrolled,Graduate,0.09079647871694811,0.9092035212830522
Enrolled,Dropout,0.8361342039845687,0.16386579601543144
Enrolled,Graduate,0.33709943464436437,0.6629005653556356
Enrolled,Graduate,0.17680543206141688,0.823194567938583
Enrolled,Dropout,0.6992470466636216,0.3007529533363786
Enrolled,Dropout,0.8317588806852264,0.16824111931477367
Enrolled,Dropout,0.7188970738720833,0.28110292612791704
Enrolled,Dropout,0.7324543750410903,0.2675456249589098
Enrolled,Graduate,0.07474299874746605,0.9252570012525339
Enrolled,Dropout,0.8028679511450078,0.19713204885499258
Enrolled,Graduate,0.24600997390531365,0.7539900260946861
Enrolled,Dropout,0.520871838088438,0.47912816191156216
Enrolled,Dropout,0.9257007185084373,0.07429928149156306
Enrolled,Dropout,0.9368097011107696,0.0631902988892307
Enrolled,Dropout,0.5123893842103153,0.4876106157896848
Enrolled,Graduate,0.3103426089080361,0.6896573910919638
Enrolled,Graduate,0.07892991582980123,0.9210700841701989
Enrolled,Dropout,0.684183184583487,0.3158168154165128
Enrolled,Dropout,0.5451580760388114,0.45484192396118867
Enrolled,Graduate,0.34150403373516364,0.6584959662648361
Enrolled,Dropout,0.9423640274988232,0.05763597250117702
Enrolled,Graduate,0.3733607892746021,0.626639210725398
Enrolled,Graduate,0.2714910178674106,0.7285089821325893
Enrolled,Dropout,0.610178617497858,0.3898213825021423
Enrolled,Dropout,0.9406598027145752,0.05934019728542479
Enrolled,Graduate,0.36825010009350667,0.6317498999064933
Enrolled,Dropout,0.7498725971383425,0.2501274028616574
Enrolled,Dropout,0.5756350447717568,0.4243649552282433
Enrolled,Dropout,0.755163674976452,0.24483632502354805
Enrolled,Graduate,0.11969807338206011,0.8803019266179399
Enrolled,Dropout,0.7930275377090823,0.2069724622909176
Enrolled,Dropout,0.6811265015252792,0.31887349847472113
Enrolled,Graduate,0.30412448479768484,0.6958755152023156
Enrolled,Dropout,0.5659384919292149,0.4340615080707851
Enrolled,Dropout,0.5600806223722018,0.4399193776277981
Enrolled,Graduate,0.17491163665566706,0.8250883633443327
Enrolled,Dropout,0.8749099511982235,0.1250900488017769
Enrolled,Graduate,0.34378203426492027,0.6562179657350797
Enrolled,Dropout,0.9683790725963322,0.031620927403667835
Enrolled,Dropout,0.9436593559922375,0.05634064400776242
Enrolled,Graduate,0.1268850136336365,0.8731149863663635
Enrolled,Graduate,0.24635549271026666,0.7536445072897333
Enrolled,Graduate,0.289258787336615,0.7107412126633844
Enrolled,Dropout,0.728167535503045,0.2718324644969555
Enrolled,Dropout,0.8814317451285039,0.1185682548714963
Enrolled,Dropout,0.9859008760878586,0.014099123912141734
Enrolled,Graduate,0.3800777818884023,0.6199222181115974
Enrolled,Dropout,0.8234811143353423,0.17651888566465787
Enrolled,Graduate,0.2446712967950422,0.7553287032049577
Enrolled,Dropout,0.8448803605442208,0.15511963945577928
Enrolled,Dropout,0.8385564548198412,0.16144354518015877
Enrolled,Graduate,0.46809255489402385,0.5319074451059762
Enrolled,Graduate,0.38778255540549805,0.6122174445945018
Enrolled,Dropout,0.7136884954803779,0.2863115045196223
Enrolled,Dropout,0.731619847361265,0.2683801526387349
Enrolled,Graduate,0.4591697412859263,0.5408302587140734
Enrolled,Graduate,0.33970257544626753,0.6602974245537324
Enrolled,Dropout,0.6766393592924462,0.32336064070755377
Enrolled,Dropout,0.7080522966414852,0.29194770335851516
Enrolled,Dropout,0.9210659949832641,0.07893400501673578
Enrolled,Graduate,0.2722765644844218,0.7277234355155778
Enrolled,Dropout,0.8502992798479513,0.14970072015204883
Enrolled,Dropout,0.7397257517580542,0.2602742482419458
Enrolled,Graduate,0.22634675096900528,0.7736532490309949
Enrolled,Dropout,0.5431968210277873,0.45680317897221284
Enrolled,Dropout,0.9929038410016343,0.007096158998365922
Enrolled,Graduate,0.30146017987341606,0.6985398201265838
Enrolled,Graduate,0.40255238255191333,0.5974476174480864
Enrolled,Graduate,0.05724792770922683,0.9427520722907733
Enrolled,Dropout,0.7410273498133633,0.2589726501866366
Enrolled,Dropout,0.5874998423530685,0.4125001576469315
Enrolled,Dropout,0.5550303623404512,0.44496963765954917
Enrolled,Graduate,0.16564713423635663,0.8343528657636434
Enrolled,Dropout,0.5799212887910976,0.42007871120890244
Enrolled,Graduate,0.429689650383659,0.5703103496163412
Enrolled,Dropout,0.503348290693482,0.49665170930651803
Enrolled,Graduate,0.1662747924359955,0.8337252075640044
Enrolled,Dropout,0.5752689604226406,0.42473103957735964
Enrolled,Graduate,0.45178540044841564,0.5482145995515845
Enrolled,Dropout,0.8110840009849524,0.18891599901504796
Enrolled,Dropout,0.6210938676838599,0.37890613231614056
Enrolled,Dropout,0.6672555714241296,0.3327444285758707
Enrolled,Graduate,0.26527970827150227,0.7347202917284976
Enrolled,Graduate,0.13961681236923135,0.8603831876307686
Enrolled,Dropout,0.7033214968038808,0.29667850319612005
Enrolled,Graduate,0.3728687302574832,0.6271312697425168
Enrolled,Graduate,0.44076132311923166,0.5592386768807682
Enrolled,Dropout,0.9702695615772355,0.02973043842276459
Enrolled,Graduate,0.20498815915147153,0.7950118408485284
Enrolled,Graduate,0.46586226697243566,0.5341377330275644
Enrolled,Dropout,0.8916729792603716,0.1083270207396284
Enrolled,Graduate,0.2831105800062673,0.7168894199937323
Enrolled,Dropout,0.5415363457660596,0.4584636542339402
Enrolled,Dropout,0.743024972353752,0.25697502764624786
Enrolled,Graduate,0.16619286965276442,0.8338071303472354
Enrolled,Dropout,0.9165600923320834,0.08343990766791681
Enrolled,Dropout,0.8502367043331516,0.14976329566684865
Enrolled,Dropout,0.5875896288553543,0.41241037114464585
Enrolled,Graduate,0.41636619963403915,0.5836338003659609
Enrolled,Dropout,0.7567234540422687,0.24327654595773188
Enrolled,Dropout,0.5017178381993568,0.49828216180064305
Enrolled,Dropout,0.8422994925768696,0.1577005074231306
Enrolled,Dropout,0.6054609735318849,0.394539026468115
Enrolled,Dropout,0.9994113078595839,0.0005886921404162785
Enrolled,Dropout,0.8718884839415747,0.12811151605842583
Enrolled,Dropout,0.831357741795461,0.16864225820453907
Enrolled,Graduate,0.09208239180713249,0.9079176081928678
Enrolled,Dropout,0.9187673385967337,0.08123266140326668
Enrolled,Dropout,0.956710061725791,0.04328993827420921
Enrolled,Graduate,0.07667486798942179,0.9233251320105781
Enrolled,Graduate,0.3907778497498956,0.6092221502501045
Enrolled,Dropout,0.7219517063016981,0.278048293698302
Enrolled,Dropout,0.6722063902708125,0.32779360972918764
Enrolled,Dropout,0.7663345511056303,0.23366544889436974
Enrolled,Graduate,0.29631537007043285,0.7036846299295668
Enrolled,Dropout,0.7683613225527561,0.23163867744724423
Enrolled,Dropout,0.8851221572092853,0.11487784279071472
Enrolled,Graduate,0.26559982833693435,0.7344001716630651
Enrolled,Dropout,0.6422287999303218,0.3577712000696783
Enrolled,Graduate,0.24835045161916475,0.7516495483808349
Enrolled,Graduate,0.0638544472071085,0.9361455527928917
Enrolled,Graduate,0.43556101553693805,0.5644389844630617
Enrolled,Graduate,0.06530004056228497,0.9346999594377151
Enrolled,Dropout,0.9941956913436134,0.005804308656386551
Enrolled,Graduate,0.1828239163261107,0.8171760836738892
Enrolled,Dropout,0.6530550982198864,0.34694490178011395
Enrolled,Dropout,0.526057835378839,0.4739421646211612
Enrolled,Dropout,0.9788540793016147,0.021145920698385272
Enrolled,Dropout,0.9527507119181725,0.047249288081827406
Enrolled,Graduate,0.3081468060492585,0.6918531939507415
Enrolled,Graduate,0.4763104073220933,0.5236895926779066
Enrolled,Dropout,0.5830399740986414,0.4169600259013587
Enrolled,Graduate,0.23799842507341437,0.7620015749265854
Enrolled,Dropout,0.7056846156818519,0.29431538431814835
Enrolled,Graduate,0.11753024336060584,0.8824697566393943
Enrolled,Dropout,0.7618469231924091,0.23815307680759135
Enrolled,Graduate,0.29042650979136236,0.7095734902086374
Enrolled,Dropout,0.9638856322121643,0.03611436778783575
Enrolled,Dropout,0.6936433228997625,0.3063566771002379
Enrolled,Dropout,0.7657131343543416,0.2342868656456588
Enrolled,Dropout,0.8773914904960303,0.12260850950396988
Enrolled,Graduate,0.3541645063460805,0.6458354936539196
Enrolled,Dropout,0.7093309730201974,0.2906690269798027
Enrolled,Graduate,0.140710843768914,0.8592891562310859
Enrolled,Dropout,0.7104677504935506,0.28953224950644957
Enrolled,Dropout,0.8991266663344549,0.10087333366554509
Enrolled,Dropout,0.673199062442622,0.32680093755737805
Enrolled,Dropout,0.6386940553956053,0.3613059446043948
Enrolled,Dropout,0.8039363780918837,0.19606362190811627
Enrolled,Graduate,0.09954449668414754,0.9004555033158526
Enrolled,Dropout,0.8972074417965922,0.10279255820340791
Enrolled,Dropout,0.7893867075145624,0.2106132924854379
Enrolled,Graduate,0.12531349763418603,0.8746865023658142
Enrolled,Dropout,0.8275212810919604,0.1724787189080396
Enrolled,Graduate,0.19540501622668402,0.8045949837733155
Enrolled,Dropout,0.7010101246589987,0.29898987534100147
Enrolled,Dropout,0.7797801150438899,0.22021988495611022
Enrolled,Dropout,0.7715577225722332,0.22844227742776715
Enrolled,Dropout,0.689566302728637,0.31043369727136316
Enrolled,Graduate,0.3680464360126843,0.6319535639873157
Enrolled,Dropout,0.8559443731907896,0.14405562680921055
Enrolled,Graduate,0.11093655681887583,0.8890634431811244
Enrolled,Dropout,0.6013656480347899,0.39863435196521013
Enrolled,Graduate,0.1967689686207244,0.8032310313792754
Enrolled,Dropout,0.7332313129077841,0.26676868709221613
Enrolled,Graduate,0.09142275010863764,0.9085772498913626
Enrolled,Dropout,0.8211590742349836,0.17884092576501676
Enrolled,Dropout,0.8416348681586256,0.1583651318413747
Enrolled,Graduate,0.34441608260201384,0.6555839173979857
Enrolled,Dropout,0.7244526619543729,0.27554733804562725
Enrolled,Dropout,0.9505098605888394,0.04949013941116082
Enrolled,Dropout,0.5222383523662197,0.47776164763378015
Enrolled,Graduate,0.3175476292510448,0.6824523707489556
Enrolled,Dropout,0.6624781540184904,0.3375218459815099
Enrolled,Dropout,0.653301184607173,0.3466988153928272
Enrolled,Dropout,0.9574854479254388,0.04251455207456116
Enrolled,Graduate,0.3376915121500225,0.6623084878499772
Enrolled,Dropout,0.5916897506780736,0.4083102493219265
Enrolled,Dropout,0.9433718285563729,0.05662817144362728
Enrolled,Graduate,0.4351539133443086,0.5648460866556914
Enrolled,Graduate,0.24301649771430112,0.7569835022856989
Enrolled,Dropout,0.8508559578056133,0.1491440421943867
Enrolled,Graduate,0.42992309512481075,0.5700769048751891
Enrolled,Graduate,0.029406299574227048,0.9705937004257731
Enrolled,Graduate,0.394006244066506,0.6059937559334941
Enrolled,Graduate,0.2577258439815177,0.7422741560184819
Enrolled,Graduate,0.21237385210981144,0.7876261478901884
Enrolled,Graduate,0.19268414703439593,0.807315852965604
Enrolled,Graduate,0.15121100474703855,0.8487889952529614
Enrolled,Graduate,0.14548055539752586,0.854519444602474
Enrolled,Graduate,0.15161553478221204,0.8483844652177879
Enrolled,Graduate,0.3995347771296268,0.6004652228703732
Enrolled,Dropout,0.6445756018629633,0.3554243981370368
Enrolled,Graduate,0.35911782580070695,0.6408821741992929
Enrolled,Dropout,0.9463828237261248,0.05361717627387527
Enrolled,Dropout,0.5889617107494554,0.41103828925054486
Enrolled,Dropout,0.767472571251967,0.23252742874803325
Enrolled,Dropout,0.9465106739909985,0.053489326009001414
Enrolled,Graduate,0.44984277289494834,0.5501572271050517
Enrolled,Dropout,0.7971167950742284,0.20288320492577183
Enrolled,Dropout,0.9962047531992687,0.0037952468007312616
Enrolled,Graduate,0.2176893133861422,0.7823106866138578
Enrolled,Dropout,0.938842229854126,0.0611577701458738
Enrolled,Graduate,0.4818899640146239,0.518110035985376
Enrolled,Dropout,0.8086917799706941,0.1913082200293059
Enrolled,Dropout,0.9560933075357011,0.04390669246429866
Enrolled,Dropout,0.6220231006570299,0.3779768993429699
Enrolled,Graduate,0.03154187930970284,0.9684581206902972
Enrolled,Dropout,0.8114584276660275,0.18854157233397228
Enrolled,Graduate,0.1830052136991188,0.8169947863008811
Enrolled,Dropout,0.9889897295234654,0.011010270476534618
Enrolled,Dropout,0.6570259131387934,0.3429740868612064
Enrolled,Graduate,0.3375067663228777,0.6624932336771223
Enrolled,Dropout,0.7560182982949061,0.24398170170509373
Enrolled,Dropout,0.9116885840826315,0.08831141591736864
Enrolled,Graduate,0.3027730059027022,0.6972269940972974
Enrolled,Graduate,0.12352959680737768,0.8764704031926226
Enrolled,Graduate,0.4717377673841664,0.5282622326158337
Enrolled,Graduate,0.2558203681199269,0.7441796318800733
Enrolled,Dropout,0.9598632198961676,0.040136780103832446
Enrolled,Graduate,0.02689858127007311,0.9731014187299271
Enrolled,Dropout,0.5343677747354811,0.4656322252645189
Enrolled,Dropout,0.9973898071625344,0.0026101928374655647
Enrolled,Graduate,0.06995473838493246,0.9300452616150676
Enrolled,Graduate,0.23397613460756972,0.7660238653924307
Enrolled,Graduate,0.16818171729476725,0.8318182827052331
Enrolled,Dropout,0.9333995629379858,0.06660043706201423
Enrolled,Graduate,0.08008172539863788,0.9199182746013626
Enrolled,Graduate,0.18352705174991119,0.8164729482500888
Enrolled,Graduate,0.09197685185444908,0.9080231481455511
Enrolled,Graduate,0.2750239339592751,0.7249760660407244
Enrolled,Dropout,0.5405328220681943,0.4594671779318057
Enrolled,Dropout,0.858443972664303,0.1415560273356972
Enrolled,Graduate,0.3126503469588853,0.6873496530411144
Enrolled,Dropout,0.8410987983293801,0.15890120167061977
Enrolled,Dropout,0.9462905516660162,0.053709448333983785
Enrolled,Graduate,0.38520234422042965,0.6147976557795701
Enrolled,Graduate,0.3733998278641762,0.6266001721358233
Enrolled,Dropout,0.5097420690379778,0.4902579309620222
Enrolled,Graduate,0.2657170749116386,0.7342829250883611
Enrolled,Graduate,0.39431549831535195,0.6056845016846479
Enrolled,Graduate,0.41621292855779146,0.5837870714422085
Enrolled,Graduate,0.47409379476305796,0.525906205236942
Enrolled,Dropout,0.5337870640408892,0.46621293595911084
Enrolled,Graduate,0.10018420693926915,0.899815793060731
Enrolled,Dropout,0.9071443485118243,0.09285565148817573
Enrolled,Dropout,0.7020517212060897,0.29794827879391045
Enrolled,Dropout,0.7216830673981659,0.2783169326018342
Enrolled,Graduate,0.11375746213931345,0.8862425378606864
Enrolled,Dropout,0.5629988946608261,0.4370011053391741
Enrolled,Dropout,0.9735286471992602,0.02647135280073971
Enrolled,Graduate,0.27480461956689045,0.7251953804331095
Enrolled,Dropout,0.5640004487669348,0.4359995512330651
Enrolled,Graduate,0.24944481249328893,0.750555187506711
Enrolled,Graduate,0.37840396404886134,0.6215960359511385
Enrolled,Graduate,0.07790485688196368,0.9220951431180365
Enrolled,Dropout,0.5193841674624373,0.48061583253756285
Enrolled,Graduate,0.18266018571946213,0.817339814280538
Enrolled,Graduate,0.10131178339941141,0.8986882166005888
Enrolled,Graduate,0.45810593233105623,0.5418940676689438
Enrolled,Dropout,0.9386978066869929,0.06130219331300737
Enrolled,Graduate,0.06118934677174278,0.938810653228257
Enrolled,Graduate,0.1845120236168688,0.815487976383131
Enrolled,Graduate,0.45887323502487626,0.5411267649751236
Enrolled,Dropout,0.7488162787848702,0.25118372121513005
Enrolled,Graduate,0.16354642347691165,0.8364535765230878
Enrolled,Dropout,1.0,0.0
Enrolled,Graduate,0.35639668118523804,0.6436033188147617
Enrolled,Graduate,0.18781959656307937,0.8121804034369207
Enrolled,Graduate,0.12885836833281097,0.8711416316671888
Enrolled,Graduate,0.11497812366440627,0.885021876335594
Enrolled,Graduate,0.1686077410824286,0.8313922589175717
Enrolled,Dropout,0.6132513765775504,0.3867486234224498
Enrolled,Graduate,0.3499938827857061,0.6500061172142936
Enrolled,Dropout,0.5089162755094521,0.491083724490548
Enrolled,Graduate,0.08875513887722286,0.9112448611227776
Enrolled,Graduate,0.2545983184378315,0.7454016815621686
Enrolled,Graduate,0.476697485862449,0.5233025141375511
Enrolled,Graduate,0.18883164822657345,0.8111683517734268
Enrolled,Graduate,0.31830603688666703,0.681693963113333
Enrolled,Dropout,0.7293717795523247,0.2706282204476756
Enrolled,Graduate,0.08624696789184862,0.9137530321081514
Enrolled,Dropout,0.8624369635225391,0.1375630364774611
Enrolled,Dropout,0.6112593971506162,0.38874060284938367
Enrolled,Dropout,0.8273552781316837,0.17264472186831606
Enrolled,Graduate,0.1460296798100468,0.8539703201899531
Enrolled,Graduate,0.20755143430739148,0.7924485656926085
Enrolled,Dropout,0.7359083654208647,0.2640916345791354
Enrolled,Dropout,0.8201315193926506,0.1798684806073494
Enrolled,Dropout,0.5679214295801347,0.43207857041986536
Enrolled,Graduate,0.37671880654852247,0.6232811934514774
Enrolled,Dropout,0.5336034992826671,0.46639650071733313
Enrolled,Dropout,0.6219225426848259,0.37807745731517417
Enrolled,Graduate,0.30779707798200207,0.6922029220179979
Enrolled,Dropout,0.5838007403632753,0.4161992596367247
Enrolled,Graduate,0.47699123410003524,0.5230087658999648
Enrolled,Graduate,0.4242190803625449,0.5757809196374553
Enrolled,Dropout,0.6573324684424767,0.3426675315575231
Enrolled,Graduate,0.3434836703540798,0.6565163296459198
Enrolled,Graduate,0.09106722309252471,0.9089327769074755
Enrolled,Graduate,0.20350068843560293,0.796499311564397
Enrolled,Dropout,0.640681558949769,0.3593184410502314
Enrolled,Graduate,0.038720739311317476,0.9612792606886831
Enrolled,Graduate,0.1027986080550777,0.8972013919449225
Enrolled,Graduate,0.096877175690686,0.9031228243093142
Enrolled,Graduate,0.47156311534359785,0.5284368846564022
Enrolled,Graduate,0.1050278710768016,0.8949721289231986
Enrolled,Dropout,0.7993129332227366,0.20068706677726347
Enrolled,Dropout,0.8376927613944358,0.1623072386055642
Enrolled,Dropout,0.6516981151284353,0.34830188487156466
Enrolled,Dropout,0.9949627703587541,0.005037229641245743
Enrolled,Dropout,0.7015882957385751,0.29841170426142477
Enrolled,Dropout,0.7319018134460507,0.2680981865539496
Enrolled,Dropout,0.8708555732373838,0.12914442676261612
Enrolled,Graduate,0.13046867298319254,0.8695313270168071
Enrolled,Dropout,0.8261348963162283,0.17386510368377187
Enrolled,Graduate,0.10780675180247476,0.892193248197525
Enrolled,Dropout,0.8772876498744525,0.1227123501255476
Enrolled,Graduate,0.044703521652053234,0.9552964783479467
Enrolled,Dropout,0.6347426570856292,0.3652573429143711
Enrolled,Dropout,0.7435133693376991,0.2564866306623008
Enrolled,Graduate,0.3001671740381448,0.699832825961855
Enrolled,Dropout,0.5413893688964723,0.4586106311035276
Enrolled,Dropout,0.5439873860588373,0.45601261394116277
Enrolled,Graduate,0.07841512966202724,0.9215848703379725
Enrolled,Graduate,0.49669003942042594,0.5033099605795741
Enrolled,Graduate,0.41125966549794757,0.5887403345020523
Enrolled,Graduate,0.16722459879252777,0.8327754012074721
Enrolled,Dropout,0.9749350324769286,0.02506496752307116
Enrolled,Graduate,0.2256924914689525,0.7743075085310474
Enrolled,Graduate,0.08446326203883767,0.9155367379611626
Enrolled,Dropout,0.7569817438693677,0.24301825613063235
Enrolled,Dropout,0.5900712219994152,0.40992877800058497
Enrolled,Graduate,0.07376283651234791,0.9262371634876523
Enrolled,Graduate,0.29477816850274635,0.7052218314972536
Enrolled,Graduate,0.2193154010657894,0.7806845989342104
Enrolled,Dropout,0.5277369049325022,0.4722630950674978
Enrolled,Graduate,0.43557398140068954,0.56442601859931
Enrolled,Graduate,0.4669953732029489,0.5330046267970511
Enrolled,Dropout,0.6773258983140429,0.32267410168595756
Enrolled,Dropout,0.6399876052891803,0.3600123947108197
Enrolled,Graduate,0.15301150728504848,0.8469884927149518
Enrolled,Dropout,0.8348558972024241,0.16514410279757585
Enrolled,Dropout,0.9557238978931843,0.04427610210681571
Enrolled,Graduate,0.187060747611611,0.8129392523883893
Enrolled,Dropout,0.8228486447887972,0.17715135521120293
Enrolled,Dropout,0.7291095474311778,0.2708904525688222
Enrolled,Dropout,0.9587033131385886,0.04129668686141129
Enrolled,Graduate,0.09735817665439102,0.9026418233456093
Enrolled,Graduate,0.14210345449324674,0.857896545506753
Enrolled,Graduate,0.21972675146959783,0.7802732485304019
Enrolled,Dropout,0.5521166074174713,0.44788339258252896
Enrolled,Dropout,0.6100449377992418,0.3899550622007581
Enrolled,Dropout,0.9682844792506341,0.03171552074936619
Enrolled,Graduate,0.2436951309607218,0.7563048690392784
Enrolled,Graduate,0.3263877871787921,0.6736122128212081
Enrolled,Graduate,0.40355509645206944,0.5964449035479304
Enrolled,Graduate,0.06161951323882906,0.938380486761171
Enrolled,Dropout,0.9182759133471549,0.08172408665284521
Enrolled,Dropout,0.9797196496822577,0.020280350317742443
Enrolled,Dropout,0.7054830865129229,0.2945169134870773
Enrolled,Dropout,0.9968191302578325,0.003180869742167576
Enrolled,Graduate,0.03629707215080947,0.9637029278491904
Enrolled,Graduate,0.4271822092026908,0.5728177907973092
Enrolled,Dropout,0.798131091611003,0.20186890838899735
Enrolled,Dropout,0.6506551500025967,0.3493448499974038
Enrolled,Dropout,0.632070363073573,0.36792963692642716
Enrolled,Dropout,0.7235469737960235,0.27645302620397666
Enrolled,Dropout,0.8838170519047789,0.1161829480952211
Enrolled,Graduate,0.2581889065332192,0.7418110934667804
Enrolled,Graduate,0.31242670419882773,0.687573295801172
Enrolled,Dropout,0.9067003321045571,0.09329966789544283
Enrolled,Graduate,0.3157804708092009,0.6842195291907993
Enrolled,Dropout,0.8516396760956898,0.14836032390431056
Enrolled,Dropout,0.5742986767426395,0.4257013232573608
Enrolled,Dropout,0.63652548911019,0.3634745108898101
Enrolled,Graduate,0.2934945082640038,0.7065054917359963
Enrolled,Graduate,0.15305478518462656,0.8469452148153733
Enrolled,Graduate,0.465362481848195,0.534637518151805
Enrolled,Graduate,0.21013521012155265,0.789864789878447
Enrolled,Graduate,0.39436089690993353,0.6056391030900665
Enrolled,Dropout,0.7947649667318689,0.20523503326813142
Enrolled,Dropout,0.8266702773545772,0.1733297226454228
Enrolled,Graduate,0.1312424211201578,0.8687575788798418
Enrolled,Dropout,0.537712329007168,0.46228767099283213
Enrolled,Dropout,0.8392653617366101,0.16073463826338988
Enrolled,Dropout,0.9344150902263597,0.06558490977364045
Enrolled,Graduate,0.23627177733034002,0.7637282226696599
Enrolled,Dropout,0.7330786862693608,0.2669213137306393
Enrolled,Graduate,0.311860775267469,0.6881392247325309
Enrolled,Graduate,0.3590991076194485,0.6409008923805515
Enrolled,Graduate,0.4218439869562955,0.5781560130437043
Enrolled,Graduate,0.2736074890604204,0.7263925109395798
Enrolled,Dropout,0.7404206954836836,0.2595793045163164
Enrolled,Dropout,0.8624723413172755,0.13752765868272446
Enrolled,Graduate,0.10658405440547025,0.8934159455945301
Enrolled,Dropout,0.7008855222719277,0.2991144777280723
Enrolled,Graduate,0.2109340616101,0.7890659383898999
Enrolled,Graduate,0.10969154765604217,0.8903084523439581
Enrolled,Graduate,0.09135528599540117,0.9086447140045991
Enrolled,Dropout,0.7876724111077089,0.2123275888922913
Enrolled,Dropout,0.8776066723096227,0.12239332769037733
Enrolled,Graduate,0.13240994208574292,0.8675900579142571
Enrolled,Graduate,0.42707615883247,0.5729238411675298
Enrolled,Graduate,0.48946046963106254,0.5105395303689375
Enrolled,Dropout,0.7903277489342805,0.20967225106571968
Enrolled,Graduate,0.04764017952262808,0.9523598204773721
Enrolled,Graduate,0.41356018503235403,0.5864398149676456
Enrolled,Graduate,0.12695079793378355,0.8730492020662164
Enrolled,Graduate,0.06491684158790091,0.9350831584120993
Enrolled,Graduate,0.2607392229421811,0.7392607770578187
Enrolled,Dropout,0.976146579087629,0.02385342091237112
Enrolled,Graduate,0.4179128782156774,0.5820871217843228
Enrolled,Dropout,0.8122443428786399,0.18775565712136033
Enrolled,Graduate,0.42006034457429386,0.5799396554257059
Enrolled,Dropout,0.6005104418412871,0.3994895581587131
Enrolled,Graduate,0.25751006113320424,0.7424899388667957
Enrolled,Dropout,0.5640270135325022,0.4359729864674979
Enrolled,Graduate,0.4071598159003544,0.5928401840996456
Enrolled,Dropout,0.9926541464172275,0.007345853582772257
Enrolled,Graduate,0.4741909926766137,0.5258090073233863
Enrolled,Dropout,0.9898755844538071,0.010124415546192917
Enrolled,Graduate,0.3515649957516845,0.6484350042483151
Enrolled,Dropout,0.7863362774001864,0.21366372259981348
Enrolled,Dropout,0.594167254410276,0.4058327455897242
Enrolled,Dropout,0.9554965214527082,0.04450347854729152
Enrolled,Graduate,0.1845140339120414,0.815485966087958
Enrolled,Dropout,0.9295128104530909,0.07048718954690926
Enrolled,Dropout,0.85459466792295,0.1454053320770502
Enrolled,Graduate,0.18571921029415145,0.8142807897058489
Enrolled,Graduate,0.09970916325994966,0.9002908367400503
Enrolled,Graduate,0.40872461963009993,0.5912753803699002
Enrolled,Graduate,0.0833943413704731,0.9166056586295267
Enrolled,Graduate,0.08738832257007643,0.9126116774299237
Enrolled,Graduate,0.24220848579794957,0.7577915142020506
Enrolled,Graduate,0.32857019469505416,0.6714298053049456
Enrolled,Graduate,0.10940321179967559,0.8905967882003246
Enrolled,Graduate,0.07063030480408833,0.929369695195912
Enrolled,Graduate,0.11255678861220529,0.8874432113877949
Enrolled,Dropout,0.6488518830198531,0.3511481169801473
Enrolled,Graduate,0.34117017357615287,0.6588298264238472
Enrolled,Graduate,0.14848878280086888,0.8515112171991311
Enrolled,Dropout,0.5101002764512184,0.48989972354878175
Enrolled,Graduate,0.060407242547611185,0.9395927574523895
Enrolled,Graduate,0.24629942181682712,0.7537005781831725
Enrolled,Graduate,0.3435462935235514,0.6564537064764485
Enrolled,Graduate,0.32032471930169243,0.6796752806983074
Enrolled,Graduate,0.2201601960596975,0.7798398039403028
Enrolled,Graduate,0.07562601707012297,0.9243739829298773
Enrolled,Graduate,0.1826180460575971,0.8173819539424028
Enrolled,Graduate,0.1879435682632296,0.8120564317367701
Enrolled,Graduate,0.09764955230585878,0.902350447694141
Enrolled,Graduate,0.31124132752357136,0.6887586724764285
Enrolled,Graduate,0.20209001790681663,0.7979099820931831
Enrolled,Dropout,0.8426210045463358,0.15737899545366452
Enrolled,Dropout,0.9467985335006034,0.053201466499396464
Enrolled,Graduate,0.4338428925970747,0.5661571074029255
Enrolled,Graduate,0.016505575194692316,0.983494424805308
Enrolled,Dropout,0.5014936788979631,0.498506321102037
Enrolled,Graduate,0.33840077767273635,0.6615992223272632
Enrolled,Dropout,0.8165397333174281,0.18346026668257215
Enrolled,Dropout,0.559001527857207,0.44099847214279303
Enrolled,Dropout,0.8251750466786625,0.17482495332133755
Enrolled,Graduate,0.3813075160429471,0.6186924839570529
Enrolled,Dropout,0.9170192024800436,0.08298079751995624
Enrolled,Dropout,0.9815004548364038,0.01849954516359609
Enrolled,Graduate,0.41966778436356916,0.5803322156364304
Enrolled,Graduate,0.2698017226701555,0.7301982773298443
Enrolled,Graduate,0.45187755238957605,0.5481224476104242
Enrolled,Dropout,0.7913316364345179,0.2086683635654823
Enrolled,Dropout,0.623413213947078,0.37658678605292245
Enrolled,Graduate,0.08769652644163554,0.9123034735583643
Enrolled,Graduate,0.1198666211740526,0.8801333788259474
Enrolled,Dropout,0.70572383641923,0.2942761635807705
Enrolled,Graduate,0.49200462439886344,0.5079953756011365
Enrolled,Dropout,0.8001116227088354,0.19988837729116454
Enrolled,Graduate,0.03530358157707067,0.9646964184229294
Enrolled,Graduate,0.40452469132079727,0.5954753086792026
Enrolled,Graduate,0.3164191588358989,0.6835808411641011
Enrolled,Dropout,0.6100592236396859,0.3899407763603149
Enrolled,Dropout,0.7884820792165317,0.2115179207834683
Enrolled,Dropout,0.6741458878043874,0.3258541121956127
Enrolled,Graduate,0.13984650847934993,0.8601534915206497
Enrolled,Dropout,0.7407482127969106,0.2592517872030896
Enrolled,Dropout,0.9651113344178369,0.03488866558216301
Enrolled,Graduate,0.17185285137842782,0.828147148621572
Enrolled,Dropout,0.7895089116764075,0.21049108832359287
Enrolled,Graduate,0.42665025496083814,0.5733497450391618
Enrolled,Dropout,0.968228568180053,0.0317714318199472
Enrolled,Graduate,0.4907603022112938,0.5092396977887063
Enrolled,Dropout,0.529908146896268,0.4700918531037321
Enrolled,Dropout,0.8793078397496213,0.12069216025037856
Enrolled,Dropout,0.7850119513000369,0.21498804869996296
Enrolled,Graduate,0.2692295606374213,0.7307704393625786
Enrolled,Graduate,0.15368295583887306,0.8463170441611269
Enrolled,Dropout,0.6994905067046447,0.30050949329535515
Enrolled,Dropout,0.5224276270406157,0.47757237295938426
Enrolled,Graduate,0.09177294115452742,0.9082270588454726
Enrolled,Graduate,0.3255474829109562,0.6744525170890439
Enrolled,Dropout,0.9840798173008164,0.015920182699183764
Enrolled,Graduate,0.13368575557159706,0.8663142444284029
Enrolled,Graduate,0.23269465227692146,0.7673053477230786
Enrolled,Dropout,0.5400259264905011,0.45997407350949915
Enrolled,Graduate,0.24453765854053056,0.7554623414594691
Enrolled,Dropout,0.7906014013271168,0.20939859867288355
Enrolled,Graduate,0.3011214275357299,0.6988785724642702
Enrolled,Dropout,0.8224908781723802,0.1775091218276201
